filename,f0,en,f0_std,en_std
P19_T1,196.44939441827526,0.003968178,0.13011337511799367,0.005763586
P19_T2,181.42372919847722,0.007270406,0.12239867168152119,0.006246939
P19_T3,194.36290525636764,0.009377178,0.1475606410937876,0.007727987
P19_T4,189.8017694732809,0.006299723,0.17175537255293546,0.012634412544159467
P19_T5,195.98415202906523,0.008820455,0.24394602535013654,0.008753564
P19_T6,204.35330166097992,0.009082513,0.18500482805753585,0.008485432
P19_T7,234.82882394471116,0.006562918,0.1212828200740859,0.00789269
P19_T8,197.75331905939692,0.008727408,0.1723805557254889,0.010547286927512984
P19_T9,186.44899872970737,0.010324157141436344,0.25284993227951447,0.008121882
P19_T10,192.28278504866475,0.007321644,0.12772759772747258,0.006047914
P19_T11,194.49117426146424,0.006529855,0.17249921781570948,0.005480762
P19_T12,165.72919130861104,0.005540895,0.17970688185308573,0.008855026
P19_T13,168.8397102424703,0.001321282,0.033093727722066105,0.00143031
P19_T14,213.89985413489893,0.011390727,0.1883935142791656,0.007747764
P19_T15,186.62367067723633,0.008559879,0.18999212601375146,0.007676334
P19_T16,179.46030049037984,0.006515132,0.1193210757912491,0.0073264
P19_T17,194.90704281777735,0.004886032,0.19325297517810958,0.006119947
P19_T18,183.76840515961246,0.008283199,0.1807376489345849,0.008248635
P19_T19,179.29124806046906,0.006053716,0.12419908283759772,0.005506901
P19_T20,177.27942903123753,0.011940032,0.2591270838599757,0.017367806739906722
P19_T21,194.93596647913583,0.007460333,0.11791435310771745,0.006204574
P19_T22,180.8132058411577,0.007834607,0.17784565542139705,0.00770585
P19_T23,184.65474021302103,0.006702644,0.12792163516390306,0.006902483
P31_T1,145.55452156884456,0.012080199172944664,0.18185344926719338,0.014712623173848761
P31_T2,153.93750989139613,0.013532168396713624,0.2923838383476619,0.020867233
P31_T3,152.57978552777936,0.016186283212395704,0.20100249985832436,0.021927217
P31_T4,131.35910272137943,0.019539115842078212,0.27255361333653005,0.023238467
P31_T5,159.9203420236803,0.007385076,0.073790711,0.013660275846500715
P31_T6,139.6626527869541,0.014589818981190055,0.22648505016730952,0.021068915
P31_T7,138.82232609362202,0.010282658929871815,0.15107532731313206,0.020169286323627883
P31_T8,149.64064544485075,0.023641969726876783,0.3611102557032483,0.035999871
P31_T9,138.0806199864076,0.016141033881404865,0.30607179818947217,0.020808285628108915
P31_T10,170.84696800095938,0.023052276018914603,0.24302201509998836,0.023098947598943927
P31_T11,151.82261206966393,0.022959139312781807,0.1506757949114199,0.028854550291169505
P31_T12,161.77761501920793,0.027101785414855743,0.20405187444633102,0.038908536393290206
P31_T13,112.06982623485735,0.008185914,0.3713947168933576,0.016577879863454777
P31_T14,157.96009478478726,0.023619953,0.25295489056393555,0.030349303921537056
P31_T15,132.84408329381623,0.027916112965545525,0.439741199,0.040654543
P31_T16,93.24437925867467,0.012775428015922114,0.5225629098820692,0.024870019086689184
P31_T17,174.78734110558491,0.011554317,0.16180721894917569,0.013132809
P31_T18,158.6517083449905,0.023062146,0.3144440660683529,0.027399036219961162
P31_T19,148.64109545818667,0.028153914603418043,0.2996869204522903,0.041235555
P31_T20,166.08799196249643,0.02409689,0.26568758185956803,0.026404297305844076
P31_T21,181.71634589339095,0.013831626489119507,0.18816855751919076,0.013681340596437943
P31_T22,126.71455351019864,0.020374035882395388,0.39971082902347804,0.022746697106197967
P31_T23,146.75061735431117,0.022582036771393428,0.3139240677841198,0.024720761521434435
P31_T24,243.68191734300737,0.041667906,0.2835729752016279,0.045174798
P25_T1,195.74241730064168,0.020928257802489393,0.4343555132660122,0.03293049
P25_T2,194.61961885765697,0.024084514,0.2434110320274139,0.02590583
P25_T3,190.95355941196883,0.012133243154042427,0.15755285783709785,0.017392781
P25_T4,219.05613029756435,0.010515803703387614,0.14232756543374117,0.017481322
P25_T5,211.2413321684409,0.026682823078794795,0.23885079010591453,0.037611962124429486
P25_T6,180.9262569102247,0.016357344600413007,0.23293094661684088,0.025006991130167314
P25_T7,187.07064788809112,0.016763154560236384,0.16063415632098862,0.023058060799926398
P25_T8,182.82328947788608,0.021992786433475128,0.2720416235363771,0.027590439641594224
P25_T9,167.84102155830905,0.013968761,0.24001488800537737,0.025631990584320703
P25_T10,178.31694381938814,0.016277674,0.14548608733491447,0.017191161
P25_T11,170.34881035571203,0.007807871,0.15953986997367212,0.015125072875969049
P25_T12,110.8337586261354,0.009656466,0.5935195180595859,0.018357057
P25_T13,173.8675988029173,0.010832636,0.20586714616340843,0.017107458223742544
P25_T14,214.25596403808512,0.028469037553448023,0.22011754450462492,0.033132846261259216
P25_T15,175.46120998144613,0.011615452676640629,0.11432690694042572,0.014761146089549381
P25_T16,179.16836985642712,0.013212851820233795,0.16825714214473295,0.014909149768287515
P25_T17,173.9000502560579,0.011916343035879767,0.12862432198239274,0.021523324716457612
P25_T18,174.88726213776943,0.014530373676257731,0.094366559,0.015246877631204398
P25_T19,132.92333660946056,0.006893507,0.3958287298136459,0.009660767
P25_T20,183.69014432699814,0.021382528818766827,0.2992225535357394,0.031404316
P25_T21,178.03171443110566,0.021982822680135766,0.16821262348597799,0.036064176
P25_T22,164.19512155532328,0.017139241,0.16676172792192212,0.019326136748302043
P25_T23,155.47012733725094,0.015552169500228105,0.40059316223005526,0.019973459
P25_T24,184.45849693008108,0.017685559,0.177815587,0.017282407
P25_T25,197.0456585238355,0.027639253578855685,0.13202843662392996,0.029606539
P25_T26,180.72792779123262,0.021173033697104295,0.11301340230615693,0.018709318401128498
P25_T27,264.1689256447781,0.008162567,0.1014338183333974,0.013347063
P30_T1,132.45760162146448,0.021504178259691822,0.19412349045622054,0.027572094
P30_T2,157.73639813953105,0.021618156178533885,0.3454111276610884,0.027213567294944147
P30_T3,108.79720568923715,0.010511757788547049,0.2710400149495313,0.018403471107887658
P30_T4,102.52819283944717,0.003570558,0.19114504166686327,0.009500511
P30_T5,115.90731397335435,0.009433781,0.250997008,0.016846763
P30_T6,135.7058327977033,0.007502506,0.45530381282165505,0.012615214250562432
P30_T7,135.04830034226848,0.009110791,0.2238801074317669,0.016465586695723174
P30_T8,111.0972703697224,0.004083137,0.13713970795690242,0.009989023
P30_T9,110.96902075368294,0.008397882,0.3250599148549684,0.014424831153931162
P30_T10,101.93888591287697,0.002284751,0.18817214879038965,0.003541634
P30_T11,115.30691364469752,0.007712049,0.21037864474313692,0.012673892062574606
P30_T12,160.89147648150717,0.003398112,0.09416331,0.007935593
P30_T13,117.09282826066045,0.011496365920412728,0.27803034463408466,0.022057339
P30_T14,129.44720608753724,0.007809156,0.3521726561700211,0.013783526417855223
P30_T15,95.94329605195078,0.011200576912912416,0.38031268477816854,0.015579081218055398
P30_T16,133.65985390494708,0.009055832,0.2774281124532303,0.011124973190378756
P30_T17,132.9153279265104,0.008846454,0.28976575733795196,0.012595078457626169
P30_T19,129.4828413155877,0.010932637618855936,0.18027789140682604,0.009610823
P30_T20,73.59668672577632,0.003460497,0.24797774246046003,0.007736909
P30_T21,185.49442145774145,0.015159432942199508,0.36390057463052317,0.022490654318516833
P30_T22,134.88845224611296,0.018317388,0.1775854032297622,0.020071580343318927
P30_T23,183.98165009957322,0.010870066313943005,0.36457500759913974,0.015173224606189323
P30_T24,148.5854142105576,0.010648684502681064,0.12838924515183348,0.010739184872786146
P30_T25,82.96058266014124,0.007120088,0.2666065518905664,0.013389506718405142
P30_T26,158.95681142364487,0.026151629,0.083957989,0.023066443244191506
P18_T1,191.99152859495163,0.002545025,0.18312741371594554,0.002449549
P18_T2,190.95784628639973,0.001658768,0.15609951314683143,0.001855482
P18_T3,202.76292426116288,0.003403261,0.21860286931669112,0.004014097
P18_T4,198.11845134216844,0.003040885,0.1592238057905163,0.003455246
P18_T5,196.0780693317824,0.00342925,0.1897680013913467,0.003615184
P18_T6,210.4124419975232,0.002497775,0.2045493480207322,0.003285366
P18_T7,213.28210319273768,0.003573187,0.13147828295334352,0.00397879
P18_T8,199.9510577563035,0.002577815,0.14924475897629352,0.003031224
P18_T9,195.41583801376507,0.004217396,0.28468288659456975,0.006836286
P18_T10,194.78530411055957,0.003653508,0.42691240928880314,0.004545084
P18_T11,195.60049356302437,0.004342196,0.22174476532930365,0.005192447
P18_T12,162.35475447324464,0.002859574,0.35533053777908313,0.00421874
P18_T13,142.6564359638849,0.001774573,0.38521728895448387,0.002504015
P18_T14,209.60165873035754,0.002794587,0.1952184931528679,0.003610711
P18_T15,204.8458191694184,0.003168316,0.31958749653711827,0.003261486
P18_T16,196.782615,0.002296568,0.12932174545294448,0.003158137
P18_T17,223.84008733980835,0.003290118,0.2093367853580924,0.002895206
P18_T18,208.20700093328367,0.004724586,0.1863281675761998,0.006098135
P18_T19,190.35052547584394,0.002068223,0.2703095232810141,0.002107239
P18_T20,216.6129207464738,0.002859663,0.092757916,0.002814161
P18_T21,208.43838816977694,0.003092982,0.18593111140982713,0.002822967
P18_T22,191.69449455804755,0.001142752,0.086096113,0.001049514
P32_T1,216.64158725911074,0.004630615,0.1999480189317706,0.005395969
P32_T2,162.56660575479657,0.003407631,0.2569083871986303,0.004933137
P32_T3,213.23043606214688,0.005813309,0.321314573,0.006284502
P32_T4,194.00145219161462,0.005358722,0.2600896857981607,0.005189028
P32_T5,187.54263771990907,0.003190459,0.2431475956515206,0.00357541
P32_T6,145.81926982012843,0.002783159,0.3054600727791413,0.005076638
P32_T7,168.2470036435541,0.004807804,0.32949644231555586,0.004851136
P32_T8,216.8541164240988,0.005754976,0.16385849857085852,0.007098351
P32_T9,173.71625806967126,0.006003539,0.3998553551795147,0.00705848
P32_T10,159.69270382005433,0.003348845,0.42520203275455054,0.005451906
P32_T11,226.47658185586153,0.006710419,0.21265202063281327,0.006459464
P32_T12,146.29477231351825,0.003263764,0.2065068383906698,0.004833857
P32_T13,165.56477638438636,0.005580377,0.34901073101790064,0.006919913
P32_T14,176.2125993766628,0.00266737,0.19282967665644757,0.003958102
P32_T15,211.34185333134434,0.005201737,0.2232935090329489,0.006507408
P32_T16,137.0639057324407,0.003328029,0.5516654692145279,0.004106667
P32_T17,153.04967862112213,0.00532578,0.49345309998921594,0.00643961
P32_T18,196.91858023568517,0.005086779,0.2277082281643049,0.005148134
P32_T19,205.8789569881036,0.005952028,0.1981476155828323,0.007325826
P32_T20,174.78980905078754,0.004273599,0.28626411709248933,0.005401162
P32_T21,163.17815366692457,0.004103971,0.38773432897584437,0.005266188
P32_T22,173.1443861382074,0.003689666,0.2230063927149227,0.005279347
P32_T23,203.9354277635366,0.005243336,0.21356622164823033,0.00661905
P32_T24,224.24821350964166,0.001504772,0.088067388,0.002343612
P27_T1,183.1483104422566,0.005257531,0.14068333957254162,0.007069238
P27_T2,169.32529313747463,0.004703932,0.18112875864846562,0.005338496
P27_T3,137.9892026463815,0.004700196,0.3324456382838579,0.005816698
P27_T4,164.3628117,0.006414638,0.26991377146136936,0.007243152
P27_T5,185.4403198,0.003283209,0.10289467473831758,0.004409913
P27_T6,177.10210456817032,0.004950889,0.034589676,0.005620389
P27_T7,190.02217048925988,0.008936465,0.19515491171999502,0.013933420441324606
P27_T8,181.7232064919918,0.008102461,0.099696149,0.008267527
P27_T9,196.32964746825672,0.008789349,0.14109281942562948,0.010122799278449161
P27_T10,181.38104696219744,0.007402308,0.1640700764699116,0.005765938
P27_T11,174.3482194579092,0.007626176,0.2718857427809711,0.012825545707558351
P27_T12,199.84693006884606,0.004367794,0.036648326327595855,0.005197046
P27_T13,179.42844988476844,0.006620912,0.10414933441469928,0.007675277
P27_T14,182.27775311462392,0.006937979,0.097992792,0.009818201
P27_T15,206.02085825133878,0.006336544,0.075796189,0.00970261
P27_T16,169.00976968632753,0.005026731,0.19040831984592282,0.006126434
P27_T17,174.87385142223533,0.004778407,0.1303324307813101,0.006773824
P27_T18,188.7781125997092,0.006096091,0.1111046004474544,0.007777822
P27_T19,202.02307648863462,0.007639398,0.039889388197896634,0.010211772319962883
P27_T20,167.0062651,0.007154876,0.18402222154042763,0.008073381
P27_T21,168.36065055997273,0.006174763,0.23734039253711336,0.006945729
P27_T22,158.52613130427798,0.006344443,0.1767566082413182,0.006917003
P27_T23,179.42061670639274,0.006875923,0.1958836359307168,0.005622289
P27_T24,149.04800716259487,0.008220776,0.44290471890564775,0.012947428390260057
P27_T25,165.30679446996385,0.004458315,0.097997832,0.005279391
P27_T26,176.93006181478745,0.005099081,0.056653655761562116,0.00636633
P27_T27,195.68139163239277,0.008958804,0.22416355733999127,0.009264054
P27_T28,156.32842973748032,0.00971501,0.15165042263670855,0.005128253
P27_T29,169.45056809880307,0.008071373,0.1220500411523395,0.005130363
P23_T1,135.71492619885592,0.009930338,0.3475696920527662,0.016112856649976325
P23_T2,156.78582422519293,0.015469833920289668,0.24986100076206832,0.014344670685860483
P23_T3,175.15293188862123,0.012114871802721788,0.287157593,0.013055070205506013
P23_T4,172.18713211874444,0.013403971785471262,0.3267532356470818,0.017382712768611225
P23_T5,172.94996547780661,0.011353207730863513,0.25825369349368915,0.016339623519507795
P23_T6,197.0403840056225,0.015293031,0.31013938384029266,0.015529324613428729
P23_T7,167.8944069440882,0.011372718,0.18836839447998568,0.013333099170239057
P23_T8,182.54509491869743,0.017547073162835988,0.24787531749174604,0.017998568746281494
P23_T9,119.71107322155166,0.007547817,0.38457678224019215,0.013555546
P23_T10,173.62506278626122,0.011314223784800854,0.24051590515385604,0.019772003811049575
P23_T11,174.10753781303305,0.017918851202537445,0.3083597082204872,0.018885615
P23_T12,172.3466283899882,0.013792459386266505,0.2881241256178229,0.015961808720769462
P23_T13,181.78007223347547,0.014062444991461977,0.266942868,0.016898670172734144
P23_T14,164.67945303982302,0.013008469,0.30998836965963383,0.01752956
P23_T15,171.7705134,0.01376891,0.31127929715040514,0.018499813
P23_T16,171.28017294576736,0.014274125,0.2758871477779713,0.016016079
P23_T17,171.0692056719052,0.01631292,0.24374504517821377,0.017303039652350565
P23_T18,163.3099603986746,0.017528332,0.2726626002165883,0.024033676463637924
P23_T19,152.87439866421224,0.011496926059576494,0.3718873540491222,0.013165448402221369
P23_T20,148.22973688005024,0.016100706663113484,0.21077207070000809,0.021564700295301043
P23_T21,164.76772512783364,0.014977906311407376,0.31950015151769895,0.020078341857785325
P23_T22,114.99161053404919,0.005471221,0.3232829200721148,0.007142793
P22_T1,191.88479064800393,0.015910516586843663,0.3398538858711543,0.018630105404412668
P22_T2,174.75080109133398,0.021316450120875446,0.2672144985252268,0.019218373877177855
P22_T3,136.4220544433279,0.005305075,0.1041662705252092,0.008314868
P22_T4,132.82924689074628,0.017437031748988394,0.24532323819707627,0.020260720680951548
P22_T5,94.33593559944953,0.003019117,0.39368011273837966,0.010946302329263548
P22_T6,194.23456747651176,0.024713130172118885,0.18135017226147943,0.033615496
P22_T7,239.2521958943498,0.030999090214438866,0.11789317360273978,0.030650572983585544
P22_T8,156.9405056257907,0.031207251,0.45501130978809456,0.035331357025776285
P22_T9,161.84420332726012,0.022246946,0.41892099947753575,0.025090124945580515
P22_T10,223.71387836573845,0.014855781,0.1586262606830117,0.018285480200185646
P22_T11,190.1133785826405,0.029063488326513166,0.2896415083624993,0.032561334356318784
P22_T12,148.4954833920419,0.025058293025574385,0.24329134126209753,0.029287857
P22_T13,160.26338690941367,0.021249335697477875,0.3145169179098324,0.020420895276392247
P22_T14,219.91021501258402,0.026722213567142345,0.2529307270774925,0.028724582022559144
P22_T15,227.34413190400255,0.018722992860882505,0.3366629880608928,0.024434026516713916
P22_T16,216.66430987847613,0.038857989,0.21578842046580893,0.028028091421461926
P22_T17,173.86775753209176,0.010892952139893828,0.14061603003442896,0.013728572
P22_T18,210.8114047179884,0.013198137391956554,0.089855743,0.016501511504233124
P22_T19,178.5003213597707,0.034082759400281555,0.31100065076993694,0.023007502238139164
P22_T20,148.2427524,0.028120610880263578,0.20391037204541537,0.024788928541222166
P22_T21,206.91552494963074,0.025095357490332256,0.27084880311190324,0.020221296857334228
P22_T22,199.79837526772016,0.011831207593614498,0.1624711362844253,0.014769463978520008
P22_T23,224.8473801160182,0.023509585954133282,0.1985891175627116,0.025443939474443848
P22_T24,200.41709307207162,0.020718886235599806,0.2663141568456527,0.018855491
P22_T25,200.87398718650016,0.020124572637703925,0.3211542961202363,0.026233587
P21_T1,160.22129874862645,0.014504864632418731,0.17164786701031545,0.010732728406081688
P21_T2,128.38306485172245,0.012712038826133445,0.2604464123557853,0.011393022022375727
P21_T3,144.57380839549413,0.008445672,0.25638930230867546,0.00947483
P21_T4,167.03399375033231,0.010044555,0.24538224078928073,0.008249143
P21_T5,98.75451061269942,0.001917236,0.19377015040764087,0.00407664
P21_T6,147.49964343238878,0.008178324,0.21781679336298765,0.008158428
P21_T7,156.48586782155448,0.007657423,0.201996668,0.006965926
P21_T8,147.95519606920618,0.007109677,0.16109819661071964,0.008303253
P21_T9,145.59788768381262,0.005541155,0.19005560546701727,0.008480476
P21_T10,174.76310612059424,0.012311431,0.14301387319285758,0.010440071278573961
P21_T11,152.6072192296866,0.012431586,0.17171593204173596,0.009959522
P21_T12,161.3542906601043,0.010688942,0.5222071489195008,0.018023562
P1_T1,176.15714800870452,0.004451778,0.1343067482903917,0.005799534
P1_T2,128.8501491472411,0.004241438,0.5426543901918364,0.004218648
P1_T3,160.61089755972114,0.004919414,0.2040586520454115,0.005617034
P1_T4,149.60767166815378,0.004815575,0.32852198738361016,0.004108808
P1_T5,165.89063227346614,0.004366286,0.2854689557503454,0.004095014
P1_T6,171.95216766933584,0.004923035,0.27461020697524235,0.00434579
P1_T7,167.90061023084058,0.004541854,0.12426364704221457,0.003442863
P1_T8,161.53354040046074,0.002972179,0.075527093,0.002448502
P1_T9,126.72045117650373,0.003497934,0.2496119834507823,0.00357878
P1_T10,183.6094476809921,0.006539963,0.16240725400061337,0.004899812
P1_T11,139.22744236359011,0.003255068,0.20497826094004434,0.002900451
P1_T12,192.5152076395134,0.005682471,0.17891768337161673,0.004590011
P1_T13,147.64267726438547,0.007476889,0.22933339895680985,0.005754492
P1_T14,148.96208410204338,0.005775439,0.2596345229079012,0.005082255
P1_T15,186.9621484707646,0.003354947,0.1158014348571016,0.002778611
P1_T16,152.15858354678784,0.006834719,0.2948546851427867,0.006587075
P1_T17,164.47398513365454,0.00703833,0.1703581625185087,0.006827324
P1_T18,109.76590751599177,0.004868336,0.3933115823132379,0.004921535
P2_T1,135.53043473411802,0.005972487,0.19627728548062257,0.006619829
P2_T2,108.42266583702524,0.00394359,0.1157955227690873,0.006749857
P2_T3,127.38612423035454,0.010342778179687323,0.2471353778741373,0.011085142522912815
P2_T4,119.53240054460653,0.008553279,0.2571292170958976,0.0088587
P2_T5,141.8203637773633,0.013271514181682369,0.21847622645664397,0.012632686356043886
P2_T6,115.11151691057782,0.007182616,0.23884237636555689,0.008556171
P2_T7,79.72892224545345,0.003832532,0.36365904635842167,0.009306125
P2_T8,117.32887206515674,0.008397824,0.20262720666617853,0.008639439
P2_T9,116.70884801032105,0.010269223,0.24857660618094582,0.009344579
P2_T10,109.4829820281319,0.009762585,0.22000573955254302,0.009965122
P2_T11,114.6055855188617,0.011158534656838946,0.16886015716762612,0.013170344
P2_T12,123.3650735948421,0.009776232,0.16297617359946273,0.011031503620402974
P2_T13,114.3518604628816,0.00789262,0.20789335625569977,0.009090098
P2_T14,101.6795842213174,0.001487483,0.1178464594567085,0.003823697
P2_T15,115.91627075191633,0.007171817,0.2014866669006848,0.009481584
P2_T16,141.51649594196684,0.00873912,0.1379164187840524,0.011226098677262339
P2_T17,125.60613195355268,0.009338448,0.2071114018464434,0.009657121
P2_T18,108.49941590675924,0.006750795,0.2083935106595132,0.007624206
P2_T19,107.74766133772597,0.008047187,0.12523404615762432,0.010727551598657646
P2_T20,102.4726684352535,0.007433463,0.19513961817310935,0.009983206
P2_T21,107.48206477906467,0.005686208,0.14959616893367772,0.006770703
P2_T22,108.58953730365585,0.008185661,0.11038203180280895,0.012319249061067367
P2_T23,107.30686914254296,0.007214259,0.2056205472011454,0.008227423
P2_T24,106.88088911559844,0.00678905,0.13252918110738274,0.008724226
P3_T1,199.14366805121358,0.00788686,0.064625621,0.007177981
P3_T2,205.01910734444166,0.008596748,0.12992768132096408,0.006281567
P3_T3,195.57191525152118,0.00976793,0.22296300632318355,0.009802389
P3_T4,226.39225323837294,0.010060769305432227,0.12170481629680051,0.007778847
P3_T5,197.24492248301112,0.009764303,0.19022890124691036,0.008105793
P3_T6,188.87123863435892,0.004514975,0.094380922,0.00520938
P3_T7,208.06968819570838,0.010095373240328314,0.10229174242273871,0.012409539090460296
P3_T8,200.83919361628395,0.008096264,0.080394728,0.006763733
P3_T9,198.15895425055558,0.007565254,0.076201201,0.00669186
P3_T10,186.19607634106575,0.006568693,0.08380898,0.008318398
P3_T11,181.65752983606458,0.006935149,0.11057416027773755,0.008905858
P3_T12,186.04477691847964,0.006921023,0.1129363314357079,0.008048147
P3_T13,204.67063019377764,0.008781847,0.065624041,0.008004707
P3_T14,195.6259396323092,0.006949723,0.095778883,0.007400637
P3_T15,188.52347129591988,0.004454656,0.069902988,0.005409792
P3_T16,197.4423828905947,0.00555202,0.12610081861048567,0.0097083
P3_T17,197.1018836370512,0.011359800611156807,0.097801067,0.009345044
P3_T18,212.63871454069547,0.010555029,0.083310307,0.010795735
P3_T19,143.0245216713588,0.009498931,0.4560550576575372,0.013464757594377425
P3_T20,197.36622218945473,0.009700744,0.073972488,0.007954879
P3_T21,204.15201812624818,0.007055427,0.06348681,0.006605632
P3_T22,192.61974390040754,0.009064621,0.1172038661973859,0.008700878
P3_T23,213.6240379879507,0.006645237,0.07783857,0.009103606
P3_T24,192.54262338295584,0.012534565712939564,0.064807829,0.014594428710363433
P3_T25,288.89060505523355,0.001586145,0.014862714,0.001594202
P3_T26,197.40339143318192,0.004898438,0.068965914,0.006446163
P3_T27,128.7765362597703,0.011126077658497059,0.5704361449170301,0.01725287
P7_T1,168.12553189863118,0.013167292312027418,0.2524404675083566,0.011241438458132302
P7_T2,150.20771039731923,0.007949685,0.22942774635733837,0.010422260416054643
P7_T3,131.7225571161145,0.0097359,0.39151855623613574,0.009962706
P7_T4,164.98749003491102,0.00755163,0.15298702148673762,0.010394604
P7_T5,153.7264408966065,0.01236446,0.2186517603347971,0.016991088301865697
P7_T6,132.94786111606044,0.010936717383966593,0.32378190426202574,0.013680407
P7_T7,138.1638650222095,0.010528314288002478,0.31176654352775834,0.011474448476493036
P7_T8,168.77666733903922,0.012055088,0.19134361236930572,0.011265676299051851
P7_T9,140.99343746071727,0.006714261,0.37578492952673276,0.009043224
P7_T10,136.3142061164155,0.008210353,0.27741136376950304,0.009784582
P7_T11,143.75195938655168,0.010908385621281115,0.2557472970970173,0.013422427
P7_T12,144.77416068788577,0.011573074499187545,0.27659217340460857,0.011363879372451416
P7_T13,120.79130048278469,0.011511181,0.25987079774006544,0.014603952
P7_T14,118.93518767829123,0.011817728,0.2297835491057166,0.012209342
P7_T15,142.65149520304666,0.010546623649909175,0.3646248522620661,0.014987374003790379
P7_T16,149.0574474416725,0.010538676,0.3587904502084877,0.012227638704140894
P7_T17,113.10795375083227,0.014312962871698818,0.14948542418897098,0.013004378251923196
P7_T18,138.6512070776088,0.006757157,0.27500952035740966,0.00921573
P7_T19,144.14299581859856,0.008975775,0.31814216464083683,0.011847671756764848
P7_T20,135.3104479006891,0.01200143,0.23172081131523445,0.011008449
P7_T21,136.60532052578307,0.011800070362997973,0.3556048834498179,0.012374858
P7_T22,159.37679129798934,0.012579243679767305,0.3747837932098319,0.013281673
P7_T23,108.44389729900132,0.008496079,0.2297516508988945,0.01002271
P7_T24,135.88045575801172,0.00883234,0.15684301733148515,0.007468686
P7_T25,145.53850319989633,0.011602197,0.2277124511022343,0.013275406700369337
P7_T26,103.34666549690147,0.011063168392638012,0.250424341,0.013333314843602319
P7_T27,112.18495483387908,0.010600068561910578,0.23178614046461057,0.01514171
P6_T1,109.56673758917196,0.006390566,0.15430102983791585,0.004719343
P6_T2,114.5088311374809,0.004326246,0.139459986,0.004670057
P6_T3,113.15966225864862,0.004567949,0.15347432216501114,0.003151698
P6_T4,96.56135776188923,0.003420513,0.1548209822998796,0.002590369
P6_T5,150.8781506906608,0.006624726,0.24030694998599703,0.004968348
P6_T6,115.05551763565406,0.004574986,0.27294693177751556,0.003950447
P6_T7,101.27257504573907,0.004016253,0.2184657473513668,0.003221571
P6_T8,123.50513377647525,0.006776808,0.20063188305756277,0.005249637
P6_T9,155.17360533799524,0.006620807,0.23999001927982042,0.004997842
P6_T10,117.84892026624885,0.003554058,0.2437516888512814,0.003951145
P6_T11,120.04664807267567,0.005270732,0.22975122933501624,0.004075206
P6_T12,98.40535371280093,0.003760894,0.12865953692866722,0.003199539
P6_T13,99.75217879490391,0.00321517,0.2309454910656568,0.002228268
P6_T14,99.64127568704313,0.004099219,0.16687471642386914,0.002831652
P6_T15,133.13200337284653,0.005058959,0.22680941985320888,0.004552279
P6_T16,120.1455395,0.005506607,0.23012046662152538,0.005514715
P6_T17,167.8218540513069,0.004536845,0.16023334261653324,0.004732321
P6_T18,128.35565041480297,0.005820782,0.3019353198160905,0.004580047
P6_T19,103.21603343933386,0.004044266,0.10448331960170525,0.00327246
P6_T20,131.33783426959306,0.004842717,0.3055053302047825,0.00439223
P6_T21,95.88241212738977,0.005131155,0.15104972693300261,0.009594017
P6_T22,156.82129729308087,0.008593474,0.23376995194264288,0.009156149
P6_T23,108.40672542294448,0.004673134,0.3268730236511107,0.005606813
P6_T24,122.73076698928097,0.004582181,0.30622489814030807,0.004283155
P6_T25,131.53554165699984,0.006418005,0.18238588073996412,0.005215918
P6_T26,100.41785936370718,0.003125132,0.14964815430227282,0.003209395
P5_T1,105.63583371111471,0.007117387,0.22597964536767914,0.007940842
P5_T2,100.43830154380382,0.005124083,0.133451252,0.005929669
P5_T3,108.07867696077659,0.006645042,0.26998622080665974,0.008723358
P5_T4,117.49291488540733,0.005623636,0.26881819700126763,0.00486038
P5_T5,102.88816255804761,0.00349671,0.40121080194323405,0.004263391
P5_T6,102.86904390731969,0.004781395,0.3116695863629414,0.005947366
P5_T7,101.00113321902843,0.002026864,0.17227993582805107,0.003554852
P5_T8,97.69864554326654,0.00504492,0.30440419988298223,0.005945381
P5_T9,114.67917266540425,0.00346249,0.27765855169805204,0.003690152
P5_T10,122.33289406190978,0.006879923,0.26002502111253917,0.006607927
P5_T11,103.29810989014732,0.003453478,0.2528544097367857,0.004004206
P5_T12,86.40715472209459,0.003958505,0.16007564470182678,0.005574976
P5_T13,116.9417982342322,0.005079605,0.20745561570877005,0.00567864
P5_T14,87.62253247659078,0.003890483,0.37042050619025846,0.006385409
P5_T15,107.79393918293324,0.004988305,0.28453958772439725,0.00601398
P5_T16,113.02228138856552,0.004413374,0.31799565995911977,0.005191643
P5_T17,96.40552878,0.002763109,0.25613727374332856,0.003520136
P5_T18,125.65213043313594,0.004518249,0.3080117695627505,0.004539869
P5_T19,102.02251712219743,0.006870967,0.2667163917291786,0.007690973
P5_T20,105.46890393526773,0.006693509,0.22987945695530973,0.007152672
P5_T21,92.64400082696598,0.00442025,0.1884619639175701,0.005078498
P5_T22,107.02993612448202,0.004369189,0.17742192054086853,0.005520359
P5_T23,115.46444529496526,0.003556115,0.22491073462894465,0.003509732
P5_T24,91.09408471,0.003163333,0.1668922654906018,0.003660127
P5_T25,83.33274975469948,0.004339408,0.3476120694624814,0.005975928
P9_T1,147.60014400698068,0.008487891,0.2179602531109354,0.010263489205643586
P9_T2,131.49001655022457,0.00546201,0.165691684,0.005382249
P9_T3,124.86824413300539,0.0050496,0.19645945507514342,0.003913842
P9_T4,136.79558705314872,0.006988742,0.15766522991492715,0.006024415
P9_T5,139.86809765014456,0.00871316,0.115761004,0.007902693
P9_T6,157.9959338705941,0.011017273,0.1766704445114985,0.008669093
P9_T7,151.9542014779624,0.007785522,0.17994449477911978,0.010349801114440551
P9_T8,134.06757326370902,0.006083717,0.277446852,0.005898765
P9_T9,150.4839057183644,0.00916518,0.2162201471211794,0.011222302276653108
P9_T10,156.36362473341575,0.006791996,0.23779348305935677,0.008905042
P9_T11,129.09728618943757,0.003296844,0.058306018,0.004121876
P9_T12,148.45662423057217,0.006969936,0.18798534891737714,0.00900036
P9_T13,162.90115843895703,0.012746445,0.22597314399585358,0.012154527
P9_T14,144.57824319127582,0.005509631,0.2685022272410285,0.00632579
P9_T15,136.50368240991403,0.006458205,0.076006843,0.007522026
P9_T16,131.07854698113357,0.005529936,0.16978516190934476,0.004964922
P9_T17,158.64759917904055,0.011820643782248905,0.097697998,0.011583930815349192
P9_T18,136.4951383808248,0.00637014,0.1333154600940918,0.007255801
P9_T19,131.67611533967616,0.007384712,0.063159595,0.008550197
P9_T20,127.71407312125365,0.010679960323442369,0.11239510355772935,0.008967433
P9_T21,154.13945276440236,0.015028477515968879,0.083347889,0.008745806
P9_T22,145.69202401579216,0.006599737,0.21201413327047372,0.006250681
P9_T23,155.15954038253767,0.009894365,0.3384905754381463,0.008101125
P9_T24,140.73986903734024,0.010216572853472461,0.041461977696393364,0.008562729
P9_T25,137.11570945454136,0.008535655,0.18070943453109778,0.010264335630041276
P9_T26,132.88668128250524,0.007363402,0.24033178325955593,0.008256512
P10_T1,178.65686166977167,0.004382453,0.23624370412203818,0.003445908
P10_T2,186.3095869,0.004349365,0.1834192496185703,0.003805028
P10_T3,182.93037056945778,0.003577179,0.28977403942958674,0.004414089
P10_T4,206.20389527416035,0.005510132,0.18317157251723953,0.004500694
P10_T5,176.1007191624929,0.004953368,0.21892872813849726,0.003622804
P10_T6,190.47036951343864,0.005244429,0.19551998121322384,0.004293459
P10_T7,190.11590151046158,0.005379833,0.15074728087361794,0.00461805
P10_T8,189.2658224634652,0.005131233,0.1543626286340845,0.004988512
P10_T9,173.23134960855577,0.004039702,0.14353317549112107,0.005097261
P10_T10,181.21717288961239,0.006207362,0.17684085466147842,0.006706602
P10_T11,143.6203317671852,0.003327943,0.1380402764083672,0.005431553
P10_T12,179.23482072609076,0.004714375,0.18263999151416266,0.004773889
P10_T13,179.92938380085894,0.004011957,0.11100169753386094,0.007116342
P10_T14,182.6563658708517,0.004829093,0.21435673912790623,0.005760972
P10_T15,197.3527463041314,0.006163276,0.13922193121694904,0.006039677
P10_T16,157.4931885092686,0.003439529,0.27813023437334955,0.00471339
P10_T17,188.40759636701716,0.003586991,0.16601197545014046,0.004766725
P10_T18,185.90736170109068,0.004516601,0.1480447115365312,0.003687455
P10_T19,202.37520906611869,0.003326387,0.23298074750325484,0.003935822
P10_T20,175.40915217615233,0.003811558,0.16663201704869252,0.003055319
P10_T21,172.9809851371622,0.004687297,0.17275420773614206,0.00523402
P11_T1,116.82010259588424,0.006031434,0.1662610688611951,0.006145934
P11_T2,95.53878099336836,0.004572516,0.39669002098245026,0.005550919
P11_T3,129.15839173970397,0.003017193,0.1257636082563295,0.003214975
P11_T4,148.08609294243286,0.004182502,0.16430786881120524,0.005942643
P11_T5,130.36431537840448,0.008015028,0.32865939181439063,0.010538818675152054
P11_T6,136.93371087344238,0.007091341,0.13321418597334297,0.008877741
P11_T7,113.18173326821224,0.004491735,0.24768818768456533,0.006626581
P11_T8,115.05891069144035,0.003870944,0.17797039182557262,0.005982663
P11_T9,107.52044292854528,0.003719562,0.152255813,0.006102803
P11_T10,109.72475358676347,0.00452416,0.3236871985463068,0.007232128
P11_T11,107.02871377212838,0.004476348,0.2593417109480041,0.006618686
P11_T12,134.04289691880516,0.00302019,0.2590573978434542,0.005106075
P11_T13,134.41555619932285,0.006504987,0.1976555270562805,0.009356213
P11_T14,154.57173539984512,0.009088979,0.140493242,0.008649296
P11_T15,138.7170580928752,0.006849579,0.20067415222373566,0.012294534684318069
P11_T16,145.1469221677129,0.004486821,0.19599962470172264,0.010145067151837071
P11_T17,165.4462918139615,0.010019069992845464,0.18447970054606466,0.012481237557051498
P11_T18,138.77451340051198,0.001615442,0.032241363,0.0048572
P11_T19,127.95011485377938,0.003583571,0.17110189154728406,0.005624941
P11_T20,86.36608226139134,0.005799288,0.2223740940623179,0.011721975526668494
P11_T21,134.76910055695808,0.005973873,0.17202441,0.007550209
P11_T22,114.93863380815426,0.005362662,0.1963714479155248,0.008656846
P11_T23,123.86996367435384,0.004968609,0.19436164624831723,0.007767523
P11_T24,135.95738419028095,0.00649462,0.1825024733487858,0.007898533
P11_T25,145.5498336736173,0.00690612,0.14614361561485736,0.011150851947447981
P11_T26,101.47726603651448,0.004510245,0.16210090477216937,0.00896235
P11_T27,125.78378811382605,0.001903339,0.096063588,0.003730784
P13_T1,125.43480390391531,0.005117422,0.5424309362193368,0.00607921
P13_T2,133.60755026548986,0.002525506,0.45538819832561234,0.003090253
P13_T3,132.98110859433766,0.002324207,0.3730605980001848,0.003063172
P13_T4,149.0397463525964,0.003562541,0.3446444750100256,0.003533157
P13_T5,144.78133650147623,0.003702175,0.2038994792460649,0.00438907
P13_T6,169.69083843959993,0.005904801,0.16811807363835055,0.005484857
P13_T7,150.4416942546936,0.004675599,0.11655314148503348,0.004920373
P13_T8,161.2448066424415,0.003819863,0.1322770047144041,0.00379436
P13_T9,117.40507192521171,0.002152873,0.5316647471252943,0.002752459
P13_T10,148.55022144155419,0.004965612,0.13572028361123764,0.004381491
P13_T11,163.8380637143805,0.004103949,0.1691596930945859,0.003434275
P13_T12,157.82642812963863,0.004137974,0.10631083318275436,0.003172861
P13_T13,179.38204609765288,0.00304842,0.12936949746271528,0.002983023
P13_T14,184.42532573504872,0.004155528,0.16824600300061393,0.003296368
P13_T15,199.33222842401722,0.004164252,0.1355687874358643,0.004878106
P13_T16,187.58819864056613,0.004139635,0.14170976326218973,0.005526568
P13_T17,176.35944894236601,0.005588955,0.15698189346823982,0.005003549
P13_T18,200.9940977749232,0.003974532,0.39274470183717825,0.004263566
P13_T19,164.85937123052423,0.002876944,0.068535312,0.002922752
P13_T20,174.30694763875843,0.004286995,0.17310919150038584,0.004262978
P13_T21,169.51407276875807,0.003574226,0.14227121071837537,0.004460419
P13_T22,157.19284584101834,0.002992083,0.1800003642077049,0.003358034
P13_T23,158.46320300315998,0.003533232,0.14572185856070435,0.003450698
P13_T24,154.76590014551243,0.003809568,0.10244879618359702,0.003688454
P13_T25,171.38789000783834,0.004228464,0.11732597683992226,0.003525555
P13_T26,156.04152410813165,0.005080449,0.29180578990162936,0.006367293
P16_T1,194.75421652572302,0.006173466,0.16667692513299148,0.005742158
P16_T2,195.29280733209575,0.006200781,0.21358491009383962,0.006546243
P16_T3,178.3116222426438,0.004367452,0.11497878674352964,0.004731664
P16_T4,176.99253712727975,0.00565682,0.10277291128717733,0.00599692
P16_T5,159.96535276429046,0.005195207,0.3667835855980919,0.006706397
P16_T6,177.0347560627097,0.00539636,0.28347656617770617,0.005716613
P16_T7,157.73491310645846,0.003443342,0.097534114,0.004146696
P16_T8,156.44336521750373,0.004374413,0.17585586977517265,0.004810321
P16_T9,153.35614045290578,0.004103072,0.16957929740209637,0.00443445
P16_T10,188.51242517290342,0.005001437,0.2056349123192016,0.004291583
P16_T11,153.29371464193207,0.003314014,0.15751513898721306,0.004049998
P16_T12,178.49793895880376,0.004589559,0.14724180442152107,0.005395636
P16_T13,157.23477460220437,0.003480924,0.21985701113291742,0.004015761
P16_T14,155.9818913528149,0.001187003,0.17058896770002985,0.000240646
P16_T15,182.13265235190084,0.004745358,0.23377143000801257,0.005378077
P16_T16,164.78618549044563,0.002022534,0.14074682621938178,0.001589299
P16_T17,173.86298477681086,0.005262362,0.1680161258038298,0.005336315
P16_T18,184.3312524183738,0.002407907,0.065326582,0.002291035
P16_T19,143.96323360219932,0.002872265,0.1485905441930103,0.003067137
P16_T20,166.27737817700933,0.004154842,0.16015901088353712,0.004533607
P16_T21,196.91454664701592,0.00169564,0.024182828,0.00074315
P16_T22,93.28125224551819,0.008210333,0.6050569745052242,0.012796780914480322
P17_T1,140.15940387211862,0.007671583,0.26851118097804216,0.007158257
P17_T2,132.50254739884633,0.006581481,0.33494827072691263,0.007620581
P17_T3,147.24506736885442,0.005443205,0.1778397395808304,0.007014023
P17_T4,166.36408342390965,0.014259482749484501,0.2310315576835008,0.012406839
P17_T5,153.0498906918849,0.008955136,0.24967335858497874,0.009950038
P17_T6,146.35638821312065,0.011688665,0.14679757787728528,0.009519558
P17_T7,140.2836572864616,0.009592485,0.1423025765226086,0.010072635828092699
P17_T8,134.23856811211368,0.003226343,0.099560633,0.006835787
P17_T9,126.11665342187524,0.003736196,0.10308118331008138,0.007525287
P17_T10,112.04789685395373,0.00681036,0.19720081288921282,0.012049701546987325
P17_T11,138.91371959678077,0.012071930754253652,0.182219145,0.017270596177972115
P17_T12,127.3907730020639,0.008796585,0.25391694648009483,0.010624338
P17_T13,143.1272231704154,0.010700468245178686,0.16441276712458294,0.013991726212888226
P17_T14,127.76569584246124,0.009353241,0.3126330741559507,0.010778147
P17_T15,112.4524297040347,0.00697922,0.23323991256560397,0.010630867108288818
P17_T16,148.4398389602648,0.007060352,0.1723023631261816,0.008760771
P17_T17,164.6287181788272,0.015402189533909033,0.13529692227747334,0.016940532748762494
P17_T18,142.01559564407106,0.011060487581181656,0.21348019547947625,0.011621654832494983
P17_T19,142.21466474151165,0.010006617658559099,0.1757974432446421,0.012797689898422107
P17_T20,129.9220456820502,0.009117445,0.18532773699453356,0.013354072382903093
P15_T1,182.9106454122881,0.007545035,0.3172440169601228,0.009072685
P15_T2,203.00313324061437,0.009205302,0.31480725021845773,0.009091904
P15_T3,186.0653222762833,0.008050018,0.3630360388107137,0.007480796
P15_T4,216.4180712,0.010612646904792406,0.2684710241080174,0.009586534
P15_T5,186.12473370722103,0.007774412,0.18014950605486643,0.009044428
P15_T6,186.9336182458493,0.007237353,0.22674265995325385,0.007282244
P15_T7,196.4090874745022,0.010944469780350682,0.252449458,0.010902653327326295
P15_T8,194.12781390260488,0.006562258,0.16443260785772207,0.012011522345471905
P15_T9,183.70793971329437,0.011916688401280176,0.2042653296288147,0.013766901623369632
P15_T10,192.33884294330727,0.00577706,0.24034677563349863,0.008499893
P15_T11,192.0057781154472,0.007460848,0.18500852377935068,0.008957612
P15_T12,181.42687551540266,0.011440446550861077,0.2523640516703743,0.011473464419835875
P15_T13,173.06248082420737,0.008707851,0.1985216595432039,0.008029051
P15_T14,226.87431559340118,0.008344525,0.12068381180897227,0.011602803554205314
P15_T15,179.50860596341693,0.006351699,0.16899744309248163,0.007991611
P15_T16,186.0992136175176,0.012447344554557946,0.23786249865552023,0.012939743
P15_T17,193.45531873903855,0.011461026296260838,0.1961596962586349,0.012807665778111417
P15_T18,141.77925934437312,0.004347973,0.21560066923988302,0.008601482
P15_T19,195.74941811571782,0.007140077,0.22397514885338196,0.008736551
P15_T20,203.56462765095196,0.006786691,0.21375248097204141,0.012350263
P15_T21,188.66928869017798,0.006110604,0.11923233582783796,0.009828508
P15_T22,171.5948282408818,0.006880155,0.2678850273965598,0.008526121
P15_T23,242.2432931223765,0.00876227,0.24121067065001398,0.006140643
P15_T24,180.83482713026416,0.009770479,0.1923669232821841,0.013926886464343676
P15_T25,169.80056302610407,0.006055559,0.16997155072842088,0.006974592
P15_T26,187.81448495861258,0.009634083,0.28531056600842636,0.008540168
P29_T1,116.76701254556424,0.009144942,0.21453504823853622,0.015172411
P29_T2,104.16051381222314,0.012393029096416458,0.023789912550965943,0.016867881
P29_T3,98.11462583602453,0.009091462,0.1644424737580312,0.012124187803754538
P29_T4,108.88150685759486,0.006453587,0.15402827472723402,0.010660218
P29_T5,136.12334434779282,0.011342641487437811,0.29067079312322447,0.018170749
P29_T6,83.52209485752535,0.006194502,0.15658770731050312,0.010943587574433611
P29_T7,117.67787413175647,0.013489342757450916,0.29740685594773963,0.014222550685940407
P29_T8,175.73574175620575,0.015562289037334871,0.38946958029447987,0.015392259494335158
P29_T9,156.41506220635625,0.017489015,0.20345320515966858,0.022793902036815097
P29_T10,80.50832955427545,0.004072822,0.4187818585370622,0.008789827
P29_T11,149.35845580693217,0.018859212581134748,0.25363434931716544,0.026153525604354647
P29_T12,125.71227435015918,0.016275505,0.5146606344124636,0.019869827954702747
P29_T13,107.19748342632664,0.003609087,0.087069784,0.009490394
P29_T14,116.96615480020617,0.003794445,0.2032623230524651,0.007321462
P29_T15,147.47088901674312,0.010748429815207074,0.3261714244330802,0.013556080451067782
P29_T16,134.97310599456856,0.008576561,0.2946156566349409,0.012681022517604943
P29_T17,131.34566125985603,0.011350933,0.2609528812013896,0.013889588681879464
P29_T18,133.32235661786055,0.01193843,0.24317627885678214,0.016545339846909514
P29_T19,114.56615286078711,0.00526254,0.28213893443725596,0.011097090259800033
P29_T20,146.2692084190188,0.015746669848585335,0.3605855441496294,0.018872445906079394
P29_T21,150.59230222050647,0.012987161222695763,0.36654170492103216,0.017491671211547596
P29_T22,124.0649522233486,0.011488926,0.2708542133116641,0.013500217991744659
P29_T23,144.30054696916332,0.018458554,0.1726612692815705,0.020653022270849954
P29_T24,163.13579860200534,0.011921440338182793,0.3106120615555746,0.014547530347029715
P29_T25,122.59481504246475,0.012045365174729192,0.18610033662464895,0.016136975
P29_T26,138.83955736739702,0.009598927,0.4019769027728525,0.016032323672328996
P29_T27,160.70269631074848,0.062960609,0.16295661215024304,0.044462994587181975
P28_T1,171.55849355607825,0.005431365,0.26037160608395504,0.006640877
P28_T2,184.83979625428861,0.009251383,0.20470612541856179,0.010571355046539355
P28_T3,197.2838209837751,0.008870301,0.1323086275443267,0.009487766
P28_T4,181.4762343663321,0.012877981851422785,0.220053325,0.015393595239627434
P28_T5,191.95149498946924,0.009499927,0.12019070283498981,0.012183634707878775
P28_T6,219.28108251811062,0.004936655,0.11296151403662383,0.008737227
P28_T7,187.3422857771183,0.009597793,0.19350560316958473,0.010490887247432898
P28_T8,188.33720694964492,0.009658802,0.13951119806347842,0.009879514
P28_T9,182.16740794961387,0.010187390232782685,0.21270078158125577,0.012967669375091164
P28_T10,210.74793979642706,0.008188731,0.23994379537251373,0.007065705
P28_T11,259.6961081,0.006220319,0.052797582,0.007567792
P28_T12,157.16645895583713,0.008526517,0.26603137824388007,0.011928873
P28_T13,184.6336128588229,0.007472621,0.2592156137824498,0.007528754
P28_T14,207.32220333268268,0.005392681,0.16879771010709838,0.005873819
P30_T18,0,0,0,0
